{
    "rmse": 0.7063386054068607,
    "mae": 0.5408210073120562,
    "r2": 0.28710626409379403
}