{
    "rmse": 0.6892980807284732,
    "mae": 0.5311452974707288,
    "r2": 0.2690209035149079
}